id,name,generic_name,chembl_id,max_phase,mol_formula,mol_weight,smiles,targets,enzymes,transporters
D001,Warfarin,warfarin,CHEMBL1464,4.0,N/A,308.33,CC(=O)CC(c1ccccc1)c1c(O)c2ccccc2oc1=O,"[""Albumin"", ""ADMET"", ""Homo sapiens"", ""Unchecked"", ""No relevant target""]",[],[]
D002,Aspirin,aspirin,CHEMBL25,4.0,N/A,180.16,CC(=O)Oc1ccccc1C(=O)O,"[""Albumin"", ""Unchecked"", ""Homo sapiens"", ""Prostaglandin G/H synthase 1"", ""Prostaglandin G/H synthase 2""]",[],[]
D003,Metformin,metformin,CHEMBL1431,4.0,N/A,129.17,CN(C)C(=N)NC(=N)N,"[""Rattus norvegicus"", ""Mus musculus"", ""ADMET""]",[],[]
D004,Atorvastatin,atorvastatin,CHEMBL1487,4.0,N/A,558.65,CC(C)c1c(C(=O)Nc2ccccc2)c(-c2ccccc2)c(-c2ccc(F)cc2)n1CC[C@@H](O)C[C@@H](O)CC(=O)O,"[""Hepatocyte"", ""Homo sapiens"", ""ADMET"", ""Mus musculus"", ""Cavia porcellus""]",[],[]
D005,Simvastatin,simvastatin,CHEMBL1064,4.0,N/A,418.57,CCC(C)(C)C(=O)O[C@H]1C[C@@H](C)C=C2C=C[C@H](C)[C@H](CC[C@@H]3C[C@@H](O)CC(=O)O3)[C@H]21,"[""Hepatocyte"", ""ADMET"", ""Unchecked"", ""Cytochrome P450 3A4"", ""Canis familiaris""]",[],[]
D006,Omeprazole,omeprazole,CHEMBL1503,4.0,N/A,345.42,COc1ccc2[nH]c([S+]([O-])Cc3ncc(C)c(OC)c3C)nc2c1,"[""ADMET"", ""No relevant target"", ""Equus caballus"", ""Potassium-transporting ATPase"", ""Rattus norvegicus""]",[],[]
D007,Losartan,losartan,CHEMBL191,4.0,N/A,422.92,CCCCc1nc(Cl)c(CO)n1Cc1ccc(-c2ccccc2-c2nnn[nH]2)cc1,"[""Type-2 angiotensin II receptor"", ""Angiotensin II receptor (AT-1) type-1"", ""ADMET"", ""Type-1 angiotensin II receptor"", ""Type-1 angiotensin II receptor B""]",[],[]
D008,Amlodipine,amlodipine,CHEMBL1491,4.0,N/A,408.88,CCOC(=O)C1=C(COCCN)NC(C)=C(C(=O)OC)C1c1ccccc1Cl,"[""Unchecked"", ""Canis familiaris"", ""NON-PROTEIN TARGET"", ""Cavia porcellus"", ""Rattus norvegicus""]",[],[]
D009,Metoprolol,metoprolol,CHEMBL13,4.0,N/A,267.37,COCCc1ccc(OCC(O)CNC(C)C)cc1,"[""Albumin"", ""Beta-1 adrenergic receptor"", ""ADMET"", ""Homo sapiens"", ""Beta-2 adrenergic receptor""]",[],[]
D010,Digoxin,digoxin,CHEMBL1751,4.0,N/A,780.95,C[C@H]1O[C@@H](O[C@H]2[C@@H](O)C[C@H](O[C@H]3[C@@H](O)C[C@H](O[C@H]4CC[C@@]5(C)[C@H](CC[C@@H]6[C@@H]5C[C@@H](O)[C@]5(C)[C@@H](C7=CC(=O)OC7)CC[C@]65O)C4)O[C@@H]3C)O[C@@H]2C)C[C@H](O)[C@@H]1O,"[""Monoclonal antibody (mAb)"", ""Sodium/potassium-transporting ATPase"", ""Cavia porcellus""]",[],[]
D011,Cyclosporine,cyclosporine,CHEMBL160,4.0,N/A,1202.63,C/C=C/C[C@@H](C)[C@@H](O)[C@H]1C(=O)N[C@@H](CC)C(=O)N(C)CC(=O)N(C)[C@@H](CC(C)C)C(=O)N[C@@H](C(C)C)C(=O)N(C)[C@@H](CC(C)C)C(=O)N[C@@H](C)C(=O)N[C@H](C)C(=O)N(C)[C@@H](CC(C)C)C(=O)N(C)[C@@H](CC(C)C)C(=O)N(C)[C@@H](C(C)C)C(=O)N1C,"[""Unchecked"", ""NON-PROTEIN TARGET"", ""Mus musculus"", ""Rattus norvegicus"", ""Breast cancer cell line""]",[],[]
D012,Tacrolimus,tacrolimus,CHEMBL3989887,4.0,N/A,822.05,C=CC[C@@H]1/C=C(\C)C[C@H](C)C[C@H](OC)[C@H]2O[C@@](O)(C(=O)C(=O)N3CCCC[C@H]3C(=O)O[C@H](/C(C)=C/[C@@H]3CC[C@@H](O)[C@H](OC)C3)[C@H](C)[C@@H](O)CC1=O)[C@H](C)C[C@@H]2OC.O,"[""Fibroblast"", ""HEK-293T"", ""U2OS""]",[],[]
D013,Phenytoin,phenytoin,CHEMBL16,4.0,N/A,252.27,O=C1NC(=O)C(c2ccccc2)(c2ccccc2)N1,"[""Gallus gallus"", ""Albumin"", ""ADMET"", ""Unchecked"", ""Aldo-keto reductase family 1 member B1""]",[],[]
D014,Carbamazepine,carbamazepine,CHEMBL108,4.0,N/A,236.27,NC(=O)N1c2ccccc2C=Cc2ccccc21,"[""Gallus gallus"", ""Albumin"", ""ADMET"", ""Unchecked"", ""Mus musculus""]",[],[]
D015,Rifampicin,rifampicin,N/A,,N/A,,N/A,[],[],[]
D016,Fluconazole,fluconazole,CHEMBL106,4.0,N/A,306.28,OC(Cn1cncn1)(Cn1cncn1)c1ccc(F)cc1F,"[""Aspergillus fumigatus"", ""Nakaseomyces glabratus"", ""ADMET"", ""Mus musculus"", ""No relevant target""]",[],[]
D017,Ketoconazole,ketoconazole,CHEMBL157101,4.0,N/A,531.44,CC(=O)N1CCN(c2ccc(OCC3COC(Cn4ccnc4)(c4ccc(Cl)cc4Cl)O3)cc2)CC1,"[""Aspergillus fumigatus"", ""Phialophora verrucosa"", ""Albumin"", ""Unchecked"", ""NON-PROTEIN TARGET""]",[],[]
D018,Itraconazole,itraconazole,CHEMBL64391,4.0,N/A,705.65,CCC(C)n1ncn(-c2ccc(N3CCN(c4ccc(OCC5COC(Cn6cncn6)(c6ccc(Cl)cc6Cl)O5)cc4)CC3)cc2)c1=O,"[""Aspergillus fumigatus"", ""Albumin"", ""ADMET"", ""NON-PROTEIN TARGET"", ""Mus musculus""]",[],[]
D019,Clarithromycin,clarithromycin,CHEMBL1741,4.0,N/A,747.96,CC[C@H]1OC(=O)[C@H](C)[C@@H](O[C@H]2C[C@@](C)(OC)[C@@H](O)[C@H](C)O2)[C@H](C)[C@@H](O[C@@H]2O[C@H](C)C[C@H](N(C)C)[C@H]2O)[C@](C)(OC)C[C@@H](C)C(=O)[C@H](C)[C@@H](O)[C@]1(C)O,"[""Staphylococcus aureus"", ""Helicobacter pylori"", ""Streptococcus pyogenes"", ""Streptococcus pneumoniae"", ""Mus musculus""]",[],[]
D020,Erythromycin,erythromycin,CHEMBL532,4.0,N/A,733.94,CC[C@H]1OC(=O)[C@H](C)[C@@H](O[C@H]2C[C@@](C)(OC)[C@@H](O)[C@H](C)O2)[C@H](C)[C@@H](O[C@@H]2O[C@H](C)C[C@H](N(C)C)[C@H]2O)[C@](C)(O)C[C@@H](C)C(=O)[C@H](C)[C@@H](O)[C@]1(C)O,"[""NON-PROTEIN TARGET"", ""Streptococcus pneumoniae"", ""Staphylococcus aureus"", ""Streptococcus pyogenes""]",[],[]
D021,Amoxicillin,amoxicillin,CHEMBL1082,4.0,N/A,365.41,CC1(C)S[C@@H]2[C@H](NC(=O)[C@H](N)c3ccc(O)cc3)C(=O)N2[C@H]1C(=O)O,"[""Albumin"", ""Helicobacter pylori"", ""Neisseria meningitidis"", ""Campylobacter jejuni"", ""Clostridioides difficile""]",[],[]
D022,Ciprofloxacin,ciprofloxacin,CHEMBL8,4.0,N/A,331.35,O=C(O)c1cn(C2CC2)c2cc(N3CCNCC3)c(F)cc2c1=O,"[""Klebsiella pneumoniae"", ""Salmonella typhi"", ""Shigella boydii"", ""Staphylococcus aureus"", ""Escherichia coli""]",[],[]
D023,Doxycycline,doxycycline,CHEMBL1200699,4.0,N/A,462.46,C[C@H]1c2cccc(O)c2C(=O)C2=C(O)[C@]3(O)C(=O)C(C(N)=O)=C(O)[C@@H](N(C)C)[C@@H]3[C@@H](O)[C@@H]21.O,"[""Albumin"", ""Escherichia coli"", ""Staphylococcus aureus"", ""Unchecked"", ""HeLa""]",[],[]
D024,Metronidazole,metronidazole,CHEMBL137,4.0,N/A,171.16,Cc1ncc([N+](=O)[O-])n1CCO,"[""Helicobacter pylori"", ""Neisseria meningitidis"", ""Entamoeba histolytica"", ""Campylobacter jejuni"", ""Clostridioides difficile""]",[],[]
D025,Isoniazid,isoniazid,CHEMBL64,4.0,N/A,137.14,NNC(=O)c1ccncc1,"[""Vero"", ""MT4"", ""Mycobacterium tuberculosis"", ""Mycolicibacterium smegmatis"", ""Mycobacterium avium""]",[],[]
D026,Ibuprofen,ibuprofen,CHEMBL521,4.0,N/A,206.28,CC(C)Cc1ccc(C(C)C(=O)O)cc1,"[""ADMET"", ""Prostaglandin G/H synthase (cyclooxygenase)"", ""Mus musculus"", ""No relevant target"", ""Rattus norvegicus""]",[],[]
D027,Paracetamol,paracetamol,N/A,,N/A,,N/A,[],[],[]
D028,Diclofenac,diclofenac,CHEMBL139,4.0,N/A,296.15,O=C(O)Cc1ccccc1Nc1c(Cl)cccc1Cl,"[""ADMET"", ""No relevant target"", ""H4"", ""Rattus norvegicus"", ""Transthyretin""]",[],[]
D029,Naproxen,naproxen,CHEMBL154,4.0,N/A,230.26,COc1ccc2cc([C@H](C)C(=O)O)ccc2c1,"[""Albumin"", ""ADMET"", ""Homo sapiens"", ""Mus musculus"", ""No relevant target""]",[],[]
D030,Celecoxib,celecoxib,CHEMBL118,4.0,N/A,381.38,Cc1ccc(-c2cc(C(F)(F)F)nn2-c2ccc(S(N)(=O)=O)cc2)cc1,"[""ADMET"", ""Unchecked"", ""Prostaglandin G/H synthase 2"", ""Prostaglandin G/H synthase 1"", ""Rattus norvegicus""]",[],[]
D031,Tamoxifen,tamoxifen,CHEMBL83,4.0,N/A,371.52,CC/C(=C(\c1ccccc1)c1ccc(OCCN(C)C)cc1)c1ccccc1,"[""MDA-MB-435"", ""MDA-MB-231"", ""Unchecked"", ""ADMET"", ""NCI/ADR-RES""]",[],[]
D032,Doxorubicin,doxorubicin,CHEMBL53463,4.0,N/A,543.53,COc1cccc2c1C(=O)c1c(O)c3c(c(O)c1C2=O)C[C@@](O)(C(=O)CO)C[C@@H]3O[C@H]1C[C@H](N)[C@H](O)[C@H](C)O1,"[""MLM"", ""HT-29"", ""A549"", ""P388"", ""L1210""]",[],[]
D033,Paclitaxel,paclitaxel,CHEMBL428647,4.0,N/A,853.92,CC(=O)O[C@H]1C(=O)[C@@]2(C)[C@H]([C@H](OC(=O)c3ccccc3)[C@]3(O)C[C@H](OC(=O)[C@H](O)[C@@H](NC(=O)c4ccccc4)c4ccccc4)C(C)=C1C3(C)C)[C@]1(OC(C)=O)CO[C@@H]1C[C@@H]2O,"[""Sus scrofa"", ""A549"", ""ADMET"", ""NON-PROTEIN TARGET"", ""Tubulin beta-1 chain""]",[],[]
D034,Cisplatin,cisplatin,CHEMBL11359,4.0,N/A,300.05,N/A,"[""WiDr"", ""EVSA-T"", ""A498"", ""NCI-H226"", ""L1210""]",[],[]
D035,Capecitabine,capecitabine,CHEMBL1773,4.0,N/A,359.35,CCCCCOC(=O)Nc1nc(=O)n([C@@H]2O[C@H](C)[C@@H](O)[C@H]2O)cc1F,"[""Mus musculus"", ""Prothrombin"", ""Cocaine esterase""]",[],[]
D036,Haloperidol,haloperidol,CHEMBL54,4.0,N/A,375.87,O=C(CCCN1CCC(O)(c2ccc(Cl)cc2)CC1)c1ccc(F)cc1,"[""Serotonin 2 (5-HT2) receptor"", ""Adrenergic receptor alpha-1"", ""Sigma non-opioid intracellular receptor 1"", ""Mus musculus"", ""Adrenergic receptor alpha""]",[],[]
D037,Risperidone,risperidone,CHEMBL85,4.0,N/A,410.49,Cc1nc2n(c(=O)c1CCN1CCC(c3noc4cc(F)ccc34)CC1)CCCC2,"[""Serotonin 2 (5-HT2) receptor"", ""5-hydroxytryptamine receptor 2A"", ""5-hydroxytryptamine receptor 2C"", ""ADMET"", ""Unchecked""]",[],[]
D038,Olanzapine,olanzapine,CHEMBL715,4.0,N/A,312.44,Cc1cc2c(s1)Nc1ccccc1N=C2N1CCN(C)CC1,"[""Serotonin 2 (5-HT2) receptor"", ""5-hydroxytryptamine receptor 2A"", ""Adrenergic receptor alpha-1"", ""D(3) dopamine receptor"", ""Histamine H1 receptor""]",[],[]
D039,Fluoxetine,fluoxetine,CHEMBL41,4.0,N/A,309.33,CNCCC(Oc1ccc(C(F)(F)F)cc1)c1ccccc1,"[""Serotonin 2 (5-HT2) receptor"", ""Adrenergic receptor alpha-1"", ""Sodium-dependent serotonin transporter"", ""Rattus norvegicus"", ""D(2) dopamine receptor""]",[],[]
D040,Sertraline,sertraline,CHEMBL809,4.0,N/A,306.24,CN[C@H]1CC[C@@H](c2ccc(Cl)c(Cl)c2)c2ccccc21,"[""Norepinephrine transporter"", ""Carbonic anhydrase 1"", ""Unchecked"", ""Sodium-dependent noradrenaline transporter"", ""Sodium-dependent dopamine transporter""]",[],[]
D041,Alprazolam,alprazolam,CHEMBL661,4.0,N/A,308.77,Cc1nnc2n1-c1ccc(Cl)cc1C(c1ccccc1)=NC2,"[""Gamma-aminobutyric acid receptor subunit alpha-3"", ""Gamma-aminobutyric acid receptor subunit alpha-2"", ""Gamma-aminobutyric acid receptor subunit alpha-5"", ""ADMET"", ""Mus musculus""]",[],[]
D042,Diazepam,diazepam,CHEMBL12,4.0,N/A,284.75,CN1C(=O)CN=C(c2ccccc2)c2cc(Cl)ccc21,"[""ADMET"", ""Homo sapiens"", ""Mus musculus"", ""No relevant target"", ""GABA-A receptor; anion channel""]",[],[]
D043,Phenobarbital,phenobarbital,CHEMBL40,4.0,N/A,232.24,CCC1(c2ccccc2)C(=O)NC(=O)NC1=O,"[""Gallus gallus"", ""Albumin"", ""ADMET"", ""Unchecked"", ""Mus musculus""]",[],[]
D044,Levetiracetam,levetiracetam,CHEMBL1286,4.0,N/A,170.21,CC[C@@H](C(N)=O)N1CCCC1=O,"[""Mus musculus"", ""Phospholipidosis"", ""No relevant target"", ""Histone-lysine N-methyltransferase EHMT2"", ""Synaptic vesicle glycoprotein 2A""]",[],[]
D045,Valproic Acid,valproic acid,CHEMBL109,4.0,N/A,144.21,CCCC(CCC)C(=O)O,"[""Gallus gallus"", ""ADMET"", ""Unchecked"", ""Mus musculus"", ""Rattus norvegicus""]",[],[]
D046,Insulin,insulin,N/A,,N/A,,N/A,[],[],[]
D047,Glibenclamide,glibenclamide,N/A,,N/A,,N/A,[],[],[]
D048,Glipizide,glipizide,CHEMBL1073,4.0,N/A,445.55,Cc1cnc(C(=O)NCCc2ccc(S(=O)(=O)NC(=O)NC3CCCCC3)cc2)cn1,"[""Hepatocyte"", ""ADMET"", ""Homo sapiens"", ""Unchecked"", ""No relevant target""]",[],[]
D049,Pioglitazone,pioglitazone,CHEMBL595,4.0,N/A,356.45,CCc1ccc(CCOc2ccc(CC3SC(=O)NC3=O)cc2)nc1,"[""Peroxisome proliferator-activated receptor gamma"", ""Mus musculus"", ""3T3-L1""]",[],[]
D050,Sitagliptin,sitagliptin,CHEMBL1422,4.0,N/A,407.32,N[C@@H](CC(=O)N1CCn2c(nnc2C(F)(F)F)C1)Cc1cc(F)c(F)cc1F,"[""Dipeptidyl peptidase 8"", ""Rhesus monkey"", ""Prolyl endopeptidase FAP"", ""Dipeptidyl peptidase 4"", ""Dipeptidyl peptidase 2""]",[],[]
D051,Lisinopril,lisinopril,CHEMBL419213,4.0,N/A,441.53,NCCCC[C@H](N[C@@H](CCc1ccccc1)C(=O)O)C(=O)N1CCC[C@H]1C(=O)O.O.O,"[""Cytochrome P450 2D6"", ""Prelamin-A/C"", ""Thyrotropin receptor"", ""Unchecked"", ""Cytochrome P450 3A4""]",[],[]
D052,Enalapril,enalapril,CHEMBL578,4.0,N/A,376.45,CCOC(=O)[C@H](CCc1ccccc1)N[C@@H](C)C(=O)N1CCC[C@H]1C(=O)O,"[""Rattus norvegicus""]",[],[]
D053,Ramipril,ramipril,CHEMBL1168,4.0,N/A,416.52,CCOC(=O)[C@H](CCc1ccccc1)N[C@@H](C)C(=O)N1[C@H](C(=O)O)C[C@@H]2CCC[C@@H]21,"[""Amine oxidase [flavin-containing] A"", ""Angiotensin-converting enzyme"", ""ADMET"", ""Hepatotoxicity"", ""Polyunsaturated fatty acid lipoxygenase ALOX15""]",[],[]
D054,Hydrochlorothiazide,hydrochlorothiazide,CHEMBL435,4.0,N/A,297.75,NS(=O)(=O)c1cc2c(cc1Cl)NCNS2(=O)=O,"[""Albumin"", ""Homo sapiens"", ""Unchecked"", ""No relevant target"", ""Carbonic anhydrase 2""]",[],[]
D055,Furosemide,furosemide,CHEMBL35,4.0,N/A,330.75,NS(=O)(=O)c1cc(C(=O)O)c(NCc2ccco2)cc1Cl,"[""Albumin"", ""Adenosine receptor A1"", ""Homo sapiens"", ""No relevant target"", ""Adenosine A2 receptor""]",[],[]
D056,Levothyroxine,levothyroxine,CHEMBL1624,4.0,N/A,776.87,N[C@@H](Cc1cc(I)c(Oc2cc(I)c(O)c(I)c2)c(I)c1)C(=O)O,"[""Thyroxine-binding globulin"", ""Prelamin-A/C"", ""Thyroid hormone receptor"", ""Menin/Histone-lysine N-methyltransferase MLL"", ""Unchecked""]",[],[]
D057,Prednisolone,prednisolone,CHEMBL131,4.0,N/A,360.45,C[C@]12C=CC(=O)C=C1CC[C@@H]1[C@@H]2[C@@H](O)C[C@@]2(C)[C@H]1CC[C@]2(O)C(=O)CO,"[""Corticosteroid-binding globulin"", ""Albumin"", ""ADMET"", ""Mus musculus"", ""Glucocorticoid receptor""]",[],[]
D058,Dexamethasone,dexamethasone,CHEMBL384467,4.0,N/A,392.47,C[C@@H]1C[C@H]2[C@@H]3CCC4=CC(=O)C=C[C@]4(C)[C@@]3(F)[C@@H](O)C[C@]2(C)[C@@]1(O)C(=O)CO,"[""Albumin"", ""ADMET"", ""Mus musculus"", ""No relevant target"", ""Cavia porcellus""]",[],[]
D059,Hydrocortisone,hydrocortisone,CHEMBL389621,4.0,N/A,362.47,C[C@]12CCC(=O)C=C1CC[C@@H]1[C@@H]2[C@@H](O)C[C@@]2(C)[C@H]1CC[C@]2(O)C(=O)CO,"[""Corticosteroid-binding globulin"", ""Albumin"", ""ADMET"", ""Homo sapiens"", ""Mus musculus""]",[],[]
D060,Methylprednisolone,methylprednisolone,CHEMBL650,4.0,N/A,374.48,C[C@H]1C[C@@H]2[C@H]([C@@H](O)C[C@@]3(C)[C@H]2CC[C@]3(O)C(=O)CO)[C@@]2(C)C=CC(=O)C=C12,"[""Albumin"", ""Homo sapiens"", ""ADMET"", ""Glucocorticoid receptor"", ""No relevant target""]",[],[]
D061,Heparin,heparin,CHEMBL4650299,4.0,N/A,,N/A,"[""Hepatotoxicity""]",[],[]
D062,Clopidogrel,clopidogrel,CHEMBL1771,4.0,N/A,321.83,COC(=O)[C@H](c1ccccc1Cl)N1CCc2sccc2C1,"[""Plasmodium falciparum"", ""Cytochrome P450 2B6"", ""Adenosine receptor A1"", ""Liver carboxylesterase 1"", ""Acetylcholinesterase""]",[],[]
D063,Enoxaparin,enoxaparin,CHEMBL1201685,,N/A,,N/A,"[""NON-PROTEIN TARGET"", ""Unchecked""]",[],[]
D064,Rivaroxaban,rivaroxaban,CHEMBL198362,4.0,N/A,435.89,O=C(NC[C@H]1CN(c2ccc(N3CCOCC3=O)cc2)C(=O)O1)c1ccc(Cl)s1,"[""ADMET"", ""NON-PROTEIN TARGET"", ""Oryctolagus cuniculus"", ""Plasma"", ""Coagulation factor X""]",[],[]
D065,Apixaban,apixaban,CHEMBL231779,4.0,N/A,459.51,COc1ccc(-n2nc(C(N)=O)c3c2C(=O)N(c2ccc(N4CCCCC4=O)cc2)CC3)cc1,"[""ADMET"", ""Canis familiaris"", ""Oryctolagus cuniculus"", ""Prothrombin"", ""Plasma""]",[],[]
D066,Sildenafil,sildenafil,CHEMBL192,4.0,N/A,474.59,CCCc1nn(C)c2c(=O)[nH]c(-c3cc(S(=O)(=O)N4CCN(C)CC4)ccc3OCC)nc12,"[""ADMET"", ""Homo sapiens"", ""Phosphodiesterase, PDE1/PDE5"", ""Unchecked"", ""Canis familiaris""]",[],[]
D067,Tadalafil,tadalafil,CHEMBL779,4.0,N/A,389.41,CN1CC(=O)N2[C@H](c3ccc4c(c3)OCO4)c3[nH]c4ccccc4c3C[C@@H]2C1=O,"[""Phosphodiesterase 6"", ""Unchecked"", ""ADMET"", ""Phosphodiesterase 3B"", ""Phosphodiesterase 3 and 5 (PDE3 and PDE5)""]",[],[]
D068,Finasteride,finasteride,CHEMBL710,4.0,N/A,372.55,CC(C)(C)NC(=O)[C@H]1CC[C@H]2[C@@H]3CC[C@H]4NC(=O)C=C[C@]4(C)[C@H]3CC[C@]12C,"[""3-oxo-5-alpha-steroid 4-dehydrogenase 2"", ""3-oxo-5-alpha-steroid 4-dehydrogenase 1"", ""3 beta-hydroxysteroid dehydrogenase/Delta 5-->4-isomerase type 1"", ""Unchecked"", ""Rattus norvegicus""]",[],[]
D069,Tamsulosin,tamsulosin,CHEMBL836,4.0,N/A,408.52,CCOc1ccccc1OCCN[C@H](C)Cc1ccc(OC)c(S(N)(=O)=O)c1,"[""Alpha-2C adrenergic receptor"", ""Alpha-2A adrenergic receptor"", ""Canis familiaris"", ""Adrenergic receptor alpha-1"", ""Alpha-2B adrenergic receptor""]",[],[]
D070,Doxazosin,doxazosin,CHEMBL707,4.0,N/A,451.48,COc1cc2nc(N3CCN(C(=O)C4COc5ccccc5O4)CC3)nc(N)c2cc1OC,"[""Alpha-2C adrenergic receptor"", ""Alpha-2A adrenergic receptor"", ""Adrenergic receptor alpha-1"", ""Canis familiaris"", ""Alpha-2B adrenergic receptor""]",[],[]
D071,Allopurinol,allopurinol,CHEMBL1467,4.0,N/A,136.11,Oc1ncnc2[nH]ncc12,"[""Rattus norvegicus"", ""No relevant target"", ""Xanthine dehydrogenase/oxidase"", ""ADMET""]",[],[]
D072,Colchicine,colchicine,CHEMBL107,4.0,N/A,399.44,COc1cc2c(c(OC)c1OC)-c1ccc(OC)c(=O)cc1[C@@H](NC(C)=O)CC2,"[""KB"", ""P388"", ""ADMET"", ""HeLa"", ""Mus musculus""]",[],[]
D073,Probenecid,probenecid,CHEMBL897,4.0,N/A,285.37,CCCN(CCC)S(=O)(=O)c1ccc(C(=O)O)cc1,"[""Amine oxidase [flavin-containing] A"", ""ADMET"", ""Unchecked"", ""NON-PROTEIN TARGET"", ""Homo sapiens""]",[],[]
D074,Febuxostat,febuxostat,CHEMBL1164729,4.0,N/A,316.38,Cc1nc(-c2ccc(OCC(C)C)c(C#N)c2)sc1C(=O)O,"[""Unchecked"", ""NON-PROTEIN TARGET"", ""Luciferin 4-monooxygenase"", ""Plasma"", ""Xanthine dehydrogenase/oxidase""]",[],[]
D075,Rasburicase,rasburicase,CHEMBL1201594,4.0,N/A,,N/A,[],[],[]
D076,Chloroquine,chloroquine,CHEMBL76,4.0,N/A,319.88,CCN(CC)CCCC(C)Nc1ccnc2cc(Cl)ccc12,"[""Plasmodium falciparum"", ""Unchecked"", ""Canis familiaris"", ""NADH-cytochrome b5 reductase"", ""Trichophyton benhamiae""]",[],[]
D077,Hydroxychloroquine,hydroxychloroquine,CHEMBL1535,4.0,N/A,335.88,CCN(CCO)CCCC(C)Nc1ccnc2cc(Cl)ccc12,"[""Prelamin-A/C"", ""Mus musculus"", ""Homo sapiens"", ""ADMET""]",[],[]
D078,Mefloquine,mefloquine,CHEMBL416956,4.0,N/A,378.32,OC(c1cc(C(F)(F)F)nc2c(C(F)(F)F)cccc12)C1CCCCN1,"[""Plasmodium falciparum"", ""Plasmodium berghei"", ""Plasmodium yoelii""]",[],[]
D079,Artesunate,artesunate,CHEMBL361497,4.0,N/A,384.43,C[C@H]1[C@H](OC(=O)CCC(=O)O)O[C@@H]2O[C@@]3(C)CC[C@H]4[C@H](C)CC[C@@H]1[C@@]24OO3,"[""Plasmodium falciparum"", ""Mus musculus""]",[],[]
D080,Quinine,quinine,CHEMBL170,4.0,N/A,324.42,C=C[C@H]1CN2CC[C@H]1C[C@H]2[C@H](O)c1ccnc2ccc(OC)cc12,"[""Plasmodium falciparum"", ""Albumin"", ""Unchecked"", ""Plasmodium yoelii"", ""FM3A""]",[],[]
D081,Methotrexate,methotrexate,CHEMBL34259,4.0,N/A,454.45,CN(Cc1cnc2nc(N)nc(N)c2n1)c1ccc(C(=O)N[C@@H](CCC(=O)O)C(=O)O)cc1,"[""Albumin"", ""Enterococcus faecium"", ""Dihydrofolate reductase"", ""Unchecked"", ""ADMET""]",[],[]
D082,Azathioprine,azathioprine,CHEMBL1542,4.0,N/A,277.27,Cn1cnc([N+](=O)[O-])c1Sc1ncnc2[nH]cnc12,"[""Homo sapiens"", ""ADMET"", ""NON-PROTEIN TARGET"", ""Mus musculus"", ""Protein-arginine deiminase type-4""]",[],[]
D083,Mycophenolate,mycophenolate,N/A,,N/A,,N/A,[],[],[]
D084,Leflunomide,leflunomide,CHEMBL960,4.0,N/A,270.21,Cc1oncc1C(=O)Nc1ccc(C(F)(F)F)cc1,"[""ADMET"", ""Homo sapiens"", ""Dihydroorotate dehydrogenase (quinone), mitochondrial"", ""Mus musculus"", ""Beta-lactamase""]",[],[]
D085,Sulfasalazine,sulfasalazine,CHEMBL421,4.0,N/A,398.4,O=C(O)c1cc(/N=N/c2ccc(S(=O)(=O)Nc3ccccn3)cc2)ccc1O,"[""Albumin"", ""Liposome"", ""ADMET"", ""Homo sapiens"", ""No relevant target""]",[],[]
D086,Zidovudine,zidovudine,CHEMBL129,4.0,N/A,267.24,Cc1cn([C@H]2C[C@H](N=[N+]=[N-])[C@@H](CO)O2)c(=O)[nH]c1=O,"[""ACH-2 cell line"", ""Human immunodeficiency virus type 1 reverse transcriptase"", ""ADMET""]",[],[]
D087,Tenofovir,tenofovir,CHEMBL3989702,3.0,N/A,305.23,C[C@H](Cn1cnc2c(N)ncnc21)OCP(=O)(O)O.O,[],[],[]
D088,Lopinavir,lopinavir,CHEMBL729,4.0,N/A,628.81,Cc1cccc(C)c1OCC(=O)N[C@@H](Cc1ccccc1)[C@@H](O)C[C@H](Cc1ccccc1)NC(=O)[C@H](C(C)C)N1CCCNC1=O,"[""MT4"", ""ADMET"", ""No relevant target"", ""Human immunodeficiency virus type 1 protease"", ""Human immunodeficiency virus""]",[],[]
D089,Efavirenz,efavirenz,CHEMBL223228,4.0,N/A,315.68,O=C1Nc2ccc(Cl)cc2[C@@](C#CC2CC2)(C(F)(F)F)O1,"[""Human immunodeficiency virus type 1 reverse transcriptase"", ""MT4"", ""Human immunodeficiency virus 1""]",[],[]
D090,Nevirapine,nevirapine,CHEMBL57,4.0,N/A,266.3,Cc1ccnc2c1NC(=O)c1cccnc1N2C1CC1,"[""MT4"", ""Human immunodeficiency virus type 1 reverse transcriptase"", ""Human immunodeficiency virus 1"", ""ADMET""]",[],[]
D091,Acyclovir,acyclovir,CHEMBL184,4.0,N/A,225.21,Nc1nc2c(ncn2COCCO)c(=O)[nH]1,"[""Human alphaherpesvirus 2"", ""Human alphaherpesvirus 3"", ""Unchecked"", ""HeLa"", ""NON-PROTEIN TARGET""]",[],[]
D092,Oseltamivir,oseltamivir,CHEMBL1229,4.0,N/A,312.41,CCOC(=O)C1=C[C@@H](OC(CC)CC)[C@H](NC(C)=O)[C@@H](N)C1,"[""Influenza A virus"", ""Neuraminidase"", ""ADMET"", ""Mus musculus"", ""MDCK""]",[],[]
D093,Ribavirin,ribavirin,CHEMBL1643,4.0,N/A,244.21,NC(=O)c1ncn([C@@H]2O[C@H](CO)[C@@H](O)[C@H]2O)n1,"[""HeLa"", ""E6SM"", ""Vero"", ""Unchecked""]",[],[]
D094,Interferon Alpha,interferon alpha,N/A,,N/A,,N/A,[],[],[]
D095,Lamivudine,lamivudine,CHEMBL141,4.0,N/A,229.26,Nc1ccn([C@@H]2CS[C@H](CO)O2)c(=O)n1,"[""CCRF-CEM"", ""Vero"", ""MT4"", ""Homo sapiens"", ""Human immunodeficiency virus""]",[],[]
D096,Morphine,morphine,CHEMBL70,4.0,N/A,285.34,CN1CC[C@]23c4c5ccc(O)c4O[C@H]2[C@@H](O)C=C[C@H]3[C@H]1C5,"[""Unchecked"", ""NON-PROTEIN TARGET"", ""Mu-type opioid receptor"", ""Opioid receptor"", ""Mus musculus""]",[],[]
D097,Codeine,codeine,CHEMBL485,4.0,N/A,299.37,COc1ccc2c3c1O[C@H]1[C@@H](O)C=C[C@H]4[C@@H](C2)N(C)CC[C@@]341,"[""ADMET"", ""Monkey"", ""Mus musculus"", ""No relevant target"", ""Rattus norvegicus""]",[],[]
D098,Tramadol,tramadol,CHEMBL1237044,4.0,N/A,263.38,COc1cccc(C2(O)CCCCC2CN(C)C)c1,"[""Hepatocyte"", ""ADMET"", ""Homo sapiens"", ""Unchecked"", ""Mu-type opioid receptor""]",[],[]
D099,Fentanyl,fentanyl,CHEMBL596,4.0,N/A,336.48,CCC(=O)N(c1ccccc1)C1CCN(CCc2ccccc2)CC1,"[""Mu-type opioid receptor"", ""Opioid receptor"", ""Mus musculus"", ""Oryctolagus cuniculus"", ""Rattus norvegicus""]",[],[]
D100,Buprenorphine,buprenorphine,CHEMBL511142,4.0,N/A,467.65,CO[C@@]12CC[C@@]3(C[C@@H]1[C@](C)(O)C(C)(C)C)[C@H]1Cc4ccc(O)c5c4[C@@]3(CCN1CC1CC1)[C@H]2O5,"[""Kappa-type opioid receptor"", ""Delta-type opioid receptor"", ""ADMET"", ""Mu-type opioid receptor"", ""Opioid receptor""]",[],[]
D101,Amiodarone,amiodarone,CHEMBL633,4.0,N/A,645.32,CCCCc1oc2ccccc2c1C(=O)c1cc(I)c(OCCN(CC)CC)c(I)c1,"[""Thyroid hormone receptor alpha"", ""ADMET"", ""Thyroid hormone receptor beta"", ""Mus musculus"", ""No relevant target""]",[],[]
D102,Propranolol,propranolol,CHEMBL27,4.0,N/A,259.35,CC(C)NCC(O)COc1cccc2ccccc12,"[""Albumin"", ""Beta-1 adrenergic receptor"", ""Homo sapiens"", ""Canis familiaris"", ""Beta-2 adrenergic receptor""]",[],[]
D103,Verapamil,verapamil,CHEMBL6966,4.0,N/A,454.61,COc1ccc(CCN(C)CCCC(C#N)(c2ccc(OC)c(OC)c2)C(C)C)cc1OC,"[""Albumin"", ""ADMET"", ""Unchecked"", ""NON-PROTEIN TARGET"", ""No relevant target""]",[],[]
D104,Diltiazem,diltiazem,CHEMBL23,4.0,N/A,414.53,COc1ccc([C@@H]2Sc3ccccc3N(CCN(C)C)C(=O)[C@@H]2OC(C)=O)cc1,"[""Canis familiaris"", ""Rattus norvegicus"", ""Cavia porcellus""]",[],[]
D105,Nifedipine,nifedipine,CHEMBL193,4.0,N/A,346.34,COC(=O)C1=C(C)NC(C)=C(C(=O)OC)C1c1ccccc1[N+](=O)[O-],"[""ADMET"", ""No relevant target"", ""HepG2"", ""Voltage-dependent L-type calcium channel subunit alpha-1C"", ""Cytochrome P450 3A4""]",[],[]
D106,Rosuvastatin,rosuvastatin,CHEMBL1496,4.0,N/A,481.55,CC(C)c1nc(N(C)S(C)(=O)=O)nc(-c2ccc(F)cc2)c1/C=C/[C@@H](O)C[C@@H](O)CC(=O)O,"[""Hepatocyte"", ""Unchecked"", ""Mus musculus"", ""L6"", ""Hamster""]",[],[]
D107,Pravastatin,pravastatin,CHEMBL1144,4.0,N/A,424.53,CC[C@H](C)C(=O)O[C@H]1C[C@H](O)C=C2C=C[C@H](C)[C@H](CC[C@@H](O)C[C@@H](O)CC(=O)O)[C@H]21,"[""Hepatocyte"", ""Unchecked"", ""Homo sapiens"", ""No relevant target"", ""HepG2""]",[],[]
D108,Lovastatin,lovastatin,CHEMBL503,4.0,N/A,404.55,CC[C@H](C)C(=O)O[C@H]1C[C@@H](C)C=C2C=C[C@H](C)[C@H](CC[C@@H]3C[C@@H](O)CC(=O)O3)[C@H]21,"[""Unchecked"", ""HepG2"", ""3-hydroxy-3-methylglutaryl-coenzyme A reductase"", ""Cricetinae gen. sp."", ""Rattus norvegicus""]",[],[]
D109,Fenofibrate,fenofibrate,CHEMBL672,4.0,N/A,360.84,CC(C)OC(=O)C(C)(C)Oc1ccc(C(=O)c2ccc(Cl)cc2)cc1,"[""Peroxisome proliferator-activated receptor alpha"", ""Unchecked"", ""Adrenergic receptor beta"", ""Peroxisome proliferator-activated receptor gamma"", ""Rattus norvegicus""]",[],[]
D110,Gemfibrozil,gemfibrozil,CHEMBL457,4.0,N/A,250.34,Cc1ccc(C)c(OCCCC(C)(C)C(=O)O)c1,"[""ADMET"", ""Mus musculus"", ""Adrenergic receptor beta"", ""Malate dehydrogenase, mitochondrial"", ""Beta-lactamase""]",[],[]
D111,Lithium,lithium,CHEMBL1201333,3.0,N/A,6.94,[Li],"[""NON-PROTEIN TARGET"", ""Hepatotoxicity"", ""Unchecked""]",[],[]
D112,Clozapine,clozapine,CHEMBL42,4.0,N/A,326.83,CN1CCN(C2=Nc3cc(Cl)ccc3Nc3ccccc32)CC1,"[""Serotonin 2 (5-HT2) receptor"", ""D(4) dopamine receptor"", ""Adrenergic receptor alpha-1"", ""Sigma non-opioid intracellular receptor 1"", ""D(3) dopamine receptor""]",[],[]
D113,Quetiapine,quetiapine,CHEMBL716,4.0,N/A,383.52,OCCOCCN1CCN(C2=Nc3ccccc3Sc3ccccc32)CC1,"[""Serotonin 2 (5-HT2) receptor"", ""D(4) dopamine receptor"", ""NON-PROTEIN TARGET"", ""Mus musculus"", ""D(2) dopamine receptor""]",[],[]
D114,Aripiprazole,aripiprazole,CHEMBL1112,4.0,N/A,448.39,O=C1CCc2ccc(OCCCCN3CCN(c4cccc(Cl)c4Cl)CC3)cc2N1,"[""D(4) dopamine receptor"", ""5-hydroxytryptamine receptor 2A"", ""Unchecked"", ""5-hydroxytryptamine receptor 7"", ""Dopamine receptors; D3 & D4""]",[],[]
D115,Ziprasidone,ziprasidone,CHEMBL708,4.0,N/A,412.95,O=C1Cc2cc(CCN3CCN(c4nsc5ccccc45)CC3)c(Cl)cc2N1,"[""D(4) dopamine receptor"", ""5-hydroxytryptamine receptor 2A"", ""5-hydroxytryptamine receptor 2C"", ""Adrenergic receptor alpha-1"", ""D(3) dopamine receptor""]",[],[]
D116,Donepezil,donepezil,CHEMBL502,4.0,N/A,379.5,COc1cc2c(cc1OC)C(=O)C(CC1CCN(Cc3ccccc3)CC1)C2,"[""Unchecked"", ""Acetylcholinesterase"", ""Butyrylcholinesterase"", ""Cholinesterases; ACHE & BCHE"", ""Cholinesterase""]",[],[]
D117,Memantine,memantine,CHEMBL807,4.0,N/A,179.31,CC12CC3CC(C)(C1)CC(N)(C3)C2,"[""Glutamate [NMDA] receptor"", ""Unchecked"", ""Glutamate receptor ionotropic, NMDA 2C"", ""Mus musculus"", ""Glutamate NMDA receptor; GRIN1/GRIN2B""]",[],[]
D118,Galantamine,galantamine,CHEMBL659,4.0,N/A,287.36,COc1ccc2c3c1O[C@H]1C[C@@H](O)C=C[C@@]31CCN(C)C2,"[""ADMET"", ""Acetylcholinesterase"", ""Mus musculus"", ""No relevant target"", ""Cholinesterase""]",[],[]
D119,Rivastigmine,rivastigmine,CHEMBL636,4.0,N/A,250.34,CCN(C)C(=O)Oc1cccc([C@H](C)N(C)C)c1,"[""ADMET"", ""Acetylcholinesterase"", ""Mus musculus"", ""No relevant target"", ""Cholinesterases; ACHE & BCHE""]",[],[]
D120,Selegiline,selegiline,CHEMBL972,4.0,N/A,187.29,C#CCN(C)[C@H](C)Cc1ccccc1,"[""Amine oxidase [flavin-containing] A"", ""Unchecked"", ""Mus musculus"", ""Amine oxidase [flavin-containing] B"", ""Monoamine oxidase""]",[],[]
D121,Levodopa,levodopa,CHEMBL1009,4.0,N/A,197.19,N[C@@H](Cc1ccc(O)c(O)c1)C(=O)O,"[""YT-NU"", ""ADMET"", ""Homo sapiens"", ""Mus musculus"", ""No relevant target""]",[],[]
D122,Carbidopa,carbidopa,CHEMBL1200748,4.0,N/A,244.25,C[C@@](Cc1ccc(O)c(O)c1)(NN)C(=O)O.O,"[""Plasmodium falciparum"", ""Adenosine receptor A1"", ""Unchecked"", ""ADMET"", ""Lysine-specific demethylase 4E""]",[],[]
D123,Pramipexole,pramipexole,CHEMBL301265,4.0,N/A,211.33,CCCN[C@H]1CCc2nc(N)sc2C1,"[""D(4) dopamine receptor"", ""Unchecked"", ""D(3) dopamine receptor"", ""D(1A) dopamine receptor"", ""Rattus norvegicus""]",[],[]
D124,Ropinirole,ropinirole,CHEMBL589,4.0,N/A,260.38,CCCN(CCC)CCc1cccc2c1CC(=O)N2,"[""Dopamine receptor"", ""Unchecked"", ""Homo sapiens"", ""D(3) dopamine receptor"", ""Oryctolagus cuniculus""]",[],[]
D125,Entacapone,entacapone,CHEMBL953,4.0,N/A,305.29,CCN(CC)C(=O)/C(C#N)=C/c1cc(O)c(O)c([N+](=O)[O-])c1,"[""ADMET"", ""Catechol O-methyltransferase"", ""No relevant target""]",[],[]
D126,Alendronate,alendronate,N/A,,N/A,,N/A,[],[],[]
D127,Risedronate,risedronate,N/A,,N/A,,N/A,[],[],[]
D128,Raloxifene,raloxifene,CHEMBL81,4.0,N/A,473.59,O=C(c1ccc(OCCN2CCCCC2)cc1)c1c(-c2ccc(O)cc2)sc2cc(O)ccc12,"[""Estrogen receptor"", ""Estrogen receptor beta"", ""Unchecked""]",[],[]
D129,Teriparatide,teriparatide,CHEMBL525610,4.0,N/A,4117.79,CC[C@H](C)[C@H](NC(=O)[C@H](CCC(=O)O)NC(=O)[C@H](CO)NC(=O)[C@@H](NC(=O)[C@@H](N)CO)C(C)C)C(=O)N[C@@H](CCC(N)=O)C(=O)N[C@@H](CC(C)C)C(=O)N[C@@H](CCSC)C(=O)N[C@@H](Cc1cnc[nH]1)C(=O)N[C@@H](CC(N)=O)C(=O)N[C@@H](CC(C)C)C(=O)NCC(=O)N[C@@H](CCCCN)C(=O)N[C@@H](Cc1cnc[nH]1)C(=O)N[C@@H](CC(C)C)C(=O)N[C@@H](CC(N)=O)C(=O)N[C@@H](CO)C(=O)N[C@@H](CCSC)C(=O)N[C@@H](CCC(=O)O)C(=O)N[C@@H](CCCNC(=N)N)C(=O)N[C@H](C(=O)N[C@@H](CCC(=O)O)C(=O)N[C@@H](Cc1c[nH]c2ccccc12)C(=O)N[C@@H](CC(C)C)C(=O)N[C@@H](CCCNC(=N)N)C(=O)N[C@@H](CCCCN)C(=O)N[C@@H](CCCCN)C(=O)N[C@@H](CC(C)C)C(=O)N[C@@H](CCC(N)=O)C(=O)N[C@@H](CC(=O)O)C(=O)N[C@H](C(=O)N[C@@H](Cc1cnc[nH]1)C(=O)N[C@@H](CC(N)=O)C(=O)N[C@@H](Cc1ccccc1)C(=O)O)C(C)C)C(C)C,"[""MC3T3-E1"", ""Parathyroid hormone/parathyroid hormone-related peptide receptor"", ""Unchecked"", ""Homo sapiens"", ""ADMET""]",[],[]
D130,Denosumab,denosumab,CHEMBL1237023,4.0,N/A,,N/A,[],[],[]
D132,Pantoprazole,pantoprazole,CHEMBL1502,4.0,N/A,383.38,COc1ccnc(C[S+]([O-])c2nc3cc(OC(F)F)ccc3[nH]2)c1OC,"[""ADMET"", ""Homo sapiens"", ""No relevant target"", ""Plasma"", ""Sodium/potassium-transporting ATPase""]",[],[]
D133,Ranitidine,ranitidine,CHEMBL1790041,4.0,N/A,314.41,CNC(=C[N+](=O)[O-])NCCSCc1ccc(CN(C)C)o1,"[""Albumin"", ""Helicobacter pylori"", ""Histamine H3 receptor"", ""ADMET"", ""Acetylcholinesterase""]",[],[]
D134,Famotidine,famotidine,CHEMBL902,4.0,N/A,337.46,NC(N)=Nc1nc(CSCC/C(N)=N/S(N)(=O)=O)cs1,"[""Canis familiaris"", ""Histamine H2 receptor"", ""Rattus norvegicus"", ""Human immunodeficiency virus type 1 integrase""]",[],[]
D135,Sucralfate,sucralfate,CHEMBL6067980,4.0,N/A,,N/A,[],[],[]
D136,Loperamide,loperamide,CHEMBL841,4.0,N/A,477.05,CN(C)C(=O)C(CCN1CCC(O)(c2ccc(Cl)cc2)CC1)(c1ccccc1)c1ccccc1,"[""Mu-type opioid receptor"", ""Mus musculus"", ""No relevant target"", ""Histamine H2 receptor"", ""Rattus norvegicus""]",[],[]
D137,Bismuth Subsalicylate,bismuth subsalicylate,CHEMBL1120,4.0,N/A,362.09,N/A,"[""Tyrosyl-DNA phosphodiesterase 1"", ""Helicobacter pylori"", ""Prelamin-A/C"", ""Neisseria meningitidis"", ""Campylobacter jejuni""]",[],[]
D138,Ondansetron,ondansetron,CHEMBL46,4.0,N/A,293.37,Cc1nccn1CC1CCc2c(c3ccccc3n2C)C1=O,"[""Serotonin 2 (5-HT2) receptor"", ""5-hydroxytryptamine receptor 2A"", ""Serotonin 3 (5-HT3) receptor"", ""Albumin"", ""Serotonin 1 (5-HT1) receptor""]",[],[]
D139,Metoclopramide,metoclopramide,CHEMBL86,4.0,N/A,299.8,CCN(CC)CCNC(=O)c1cc(Cl)c(N)cc1OC,"[""Serotonin 3 (5-HT3) receptor"", ""ADMET"", ""Unchecked"", ""Acetylcholinesterase"", ""5-hydroxytryptamine receptor 4""]",[],[]
D140,Domperidone,domperidone,CHEMBL219916,4.0,N/A,425.92,O=c1[nH]c2ccccc2n1CCCN1CCC(n2c(=O)[nH]c3cc(Cl)ccc32)CC1,"[""Serotonin 3 (5-HT3) receptor"", ""ADMET"", ""Canis familiaris"", ""D(3) dopamine receptor"", ""Mus musculus""]",[],[]
D141,Montelukast,montelukast,CHEMBL787,4.0,N/A,586.2,CC(C)(O)c1ccccc1CC[C@@H](SCC1(CC(=O)O)CC1)c1cccc(/C=C/c2ccc3ccc(Cl)cc3n2)c1,"[""Hepatocyte"", ""Cysteinyl leukotriene receptor"", ""Homo sapiens"", ""ADMET"", ""Unchecked""]",[],[]
D142,Salbutamol,salbutamol,N/A,,N/A,,N/A,[],[],[]
D143,Budesonide,budesonide,CHEMBL1370,4.0,N/A,430.54,CCCC1O[C@@H]2C[C@H]3[C@@H]4CCC5=CC(=O)C=C[C@]5(C)[C@H]4[C@@H](O)C[C@]3(C)[C@]2(C(=O)CO)O1,"[""Unchecked"", ""ADMET"", ""H35"", ""Glucocorticoid receptor"", ""PBMC""]",[],[]
D144,Fluticasone,fluticasone,CHEMBL1201396,3.0,N/A,444.52,C[C@@H]1C[C@H]2[C@@H]3C[C@H](F)C4=CC(=O)C=C[C@]4(C)[C@@]3(F)[C@@H](O)C[C@]2(C)[C@@]1(O)C(=O)SCF,"[""Cytochrome P450 3A4"", ""Hepatotoxicity"", ""Homo sapiens""]",[],[]
D145,Tiotropium,tiotropium,CHEMBL1900528,4.0,N/A,392.52,C[N+]1(C)[C@@H]2C[C@@H](OC(=O)C(O)(c3cccs3)c3cccs3)C[C@H]1[C@@H]1O[C@@H]12,"[""Plasmodium falciparum"", ""Hepatotoxicity"", ""Solute carrier family 22 member 1"", ""Liver microsomes"", ""Solute carrier family 22 member 2""]",[],[]
D146,Erythropoietin,erythropoietin,N/A,,N/A,,N/A,[],[],[]
D147,Filgrastim,filgrastim,CHEMBL1201567,4.0,N/A,,N/A,"[""NON-PROTEIN TARGET"", ""Unchecked""]",[],[]
D148,Infliximab,infliximab,CHEMBL1201581,4.0,N/A,,N/A,"[""NON-PROTEIN TARGET"", ""Unchecked""]",[],[]
D149,Etanercept,etanercept,CHEMBL1201572,4.0,N/A,,N/A,"[""NON-PROTEIN TARGET"", ""Unchecked""]",[],[]
D150,Adalimumab,adalimumab,CHEMBL1201580,4.0,N/A,,N/A,"[""NON-PROTEIN TARGET"", ""Unchecked""]",[],[]
D151,Imatinib,imatinib,CHEMBL941,4.0,N/A,493.62,Cc1ccc(NC(=O)c2ccc(CN3CCN(C)CC3)cc2)cc1Nc1nccc(-c2cccnc2)n1,"[""Unchecked"", ""Tyrosine-protein kinase ABL1"", ""Macrophage colony-stimulating factor 1 receptor"", ""cAMP-dependent protein kinase (PKA)"", ""Tyrosine-protein kinase ABL""]",[],[]
D152,Erlotinib,erlotinib,CHEMBL553,4.0,N/A,393.44,C#Cc1cccc(Nc2ncnc3cc(OCCOC)c(OCCOC)cc23)c1,"[""Serine/threonine-protein kinase 17A"", ""Tyrosine-protein kinase FRK"", ""Mitogen-activated protein kinase 10"", ""Aurora kinase C"", ""Tyrosine-protein kinase ABL1""]",[],[]
D153,Sorafenib,sorafenib,CHEMBL1336,4.0,N/A,464.83,CNC(=O)c1cc(Oc2ccc(NC(=O)Nc3ccc(Cl)c(C(F)(F)F)c3)cc2)ccn1,"[""Serine/threonine-protein kinase pim-1"", ""Dual specificity protein kinase CLK1"", ""Calcium/calmodulin-dependent protein kinase type II subunit alpha"", ""Cyclin-dependent kinase 16"", ""Cyclin-G-associated kinase""]",[],[]
D154,Bevacizumab,bevacizumab,CHEMBL1201583,4.0,N/A,,N/A,[],[],[]
D155,Trastuzumab,trastuzumab,CHEMBL1201585,4.0,N/A,,N/A,[],[],[]
