id,herb_id,drug_id,pmid,title,source,url,year
L00001,H001,D014,23602240,Impaired motor learning attributed to altered AMPA receptor function in the cerebellum of rats with temporal lobe epilepsy: ameliorating effects of Withania somnifera and withanolide A.,Epilepsy Behav,https://pubmed.ncbi.nlm.nih.gov/23602240/,2013
L00002,H001,D015,33395575,"Investigation of CYP2B6, 3A4 and β-esterase interactions of Withania somnifera (L.) dunal in human liver microsomes and HepG2 cells.",J Ethnopharmacol,https://pubmed.ncbi.nlm.nih.gov/33395575/,2021
L00004,H001,D003,37087726,Identification of starvation-mimetic bioactive phytocomponent from Withania somnifera using in-silico molecular modelling and flow cytometry-based analysis for the management of malaria.,J Biomol Struct Dyn,https://pubmed.ncbi.nlm.nih.gov/37087726/,2024
L00005,H001,D027,27043749,"Hepatoprotective effect of withanolide-rich fraction in acetaminophen-intoxicated rat: decisive role of TNF-α, IL-1β, COX-II and iNOS.",Pharm Biol,https://pubmed.ncbi.nlm.nih.gov/27043749/,2016
L00006,H001,D039,37829299,"Harder, better, faster, stronger? Retrospective chart review of adverse events of interactions between adaptogens and antidepressant drugs.",Front Pharmacol,https://pubmed.ncbi.nlm.nih.gov/37829299/,2023
L00007,H001,D039,17402272,Effect of Withania somnifera on forced swimming test induced immobility in mice and its interaction with various drugs.,Indian J Physiol Pharmacol,https://pubmed.ncbi.nlm.nih.gov/17402272/,2006
L00009,H001,D041,32890709,Pharmacological and pharmacokinetic effect of a polyherbal combination with Withania somnifera (L.) Dunal for the management of anxiety.,J Ethnopharmacol,https://pubmed.ncbi.nlm.nih.gov/32890709/,2021
L00011,H001,D046,35904027,Molecular dynamics simulations reveal the inhibitory mechanism of Withanolide A against α-glucosidase and α-amylase.,J Biomol Struct Dyn,https://pubmed.ncbi.nlm.nih.gov/35904027/,2023
L00012,H001,D121,27544001,Management of Parkinson's disease in Ayurveda: Medicinal plants and adjuvant measures.,J Ethnopharmacol,https://pubmed.ncbi.nlm.nih.gov/27544001/,2017
L00013,H001,D031,32748755,"Molecular Docking, Drug-Likeness and ADMET Analysis, Application of Density Functional Theory (DFT) and Molecular Dynamics (MD) Simulation to the Phytochemicals from Withania Somnifera as Potential Antagonists of Estrogen Receptor Alpha (ER- α).",Curr Comput Aided Drug Des,https://pubmed.ncbi.nlm.nih.gov/32748755/,2021
L00014,H001,D031,31995002,In Silico Elucidation of the Plausible Inhibitory Potential of Withaferin A of Withania Somnifera Medicinal Herb Against Breast Cancer Targeting Estrogen Receptor.,Curr Pharm Biotechnol,https://pubmed.ncbi.nlm.nih.gov/31995002/,2020
L00015,H001,D032,21953271,In vitro cytotoxic screening of selected Saudi medicinal plants.,J Nat Med,https://pubmed.ncbi.nlm.nih.gov/21953271/,2012
L00016,H001,D081,38897341,Withaferin A alleviates inflammation in animal models of arthritis by inhibiting the NF-κB pathway and cytokine release.,Chem Biol Interact,https://pubmed.ncbi.nlm.nih.gov/38897341/,2024
L00017,H001,D081,29661206,"Homology modelling, molecular docking, and molecular dynamics simulations reveal the inhibition of Leishmania donovani dihydrofolate reductase-thymidylate synthase enzyme by Withaferin-A.",BMC Res Notes,https://pubmed.ncbi.nlm.nih.gov/29661206/,2018
L00018,H001,D017,24105360,Effect of botanical immunomodulators on human CYP3A4 inhibition: implications for concurrent use as adjuvants in cancer therapy.,Integr Cancer Ther,https://pubmed.ncbi.nlm.nih.gov/24105360/,2014
L00019,H002,D010,23064285,P-glycoprotein mediated efflux in Caco-2 cell monolayers: the influence of herbals on digoxin transport.,J Ethnopharmacol,https://pubmed.ncbi.nlm.nih.gov/23064285/,2012
L00020,H002,D010,22181075,The role of turmerones on curcumin transportation and P-glycoprotein activities in intestinal Caco-2 cells.,J Med Food,https://pubmed.ncbi.nlm.nih.gov/22181075/,2012
L00021,H002,D013,37537774,Phenytoin's Pharmacological Interactions with Medicinal Herbs: A Review.,Pharmazie,https://pubmed.ncbi.nlm.nih.gov/37537774/,2023
L00022,H002,D014,33780193,Involvement of GABAergic and nitrergic systems in the anxiolytic and hypnotic effects of Curcuma longa: its interaction with anxiolytic-hypnotics.,Drug Metab Pers Ther,https://pubmed.ncbi.nlm.nih.gov/33780193/,2020
L00024,H002,D003,36431765,"Evaluation of the Antifungal, Antioxidant, and Anti-Diabetic Potential of the Essential Oil of Curcuma longa Leaves from the North-Western Himalayas by In Vitro and In Silico Analysis.",Molecules,https://pubmed.ncbi.nlm.nih.gov/36431765/,2022
L00025,H002,D003,29518605,Herb-drug interaction of Nisha Amalaki and Curcuminoids with metformin in normal and diabetic condition: A disease system approach.,Biomed Pharmacother,https://pubmed.ncbi.nlm.nih.gov/29518605/,2018
L00027,H002,D026,33938775,"Curcumin, autoimmune and inflammatory diseases: going beyond conventional therapy - a systematic review.",Crit Rev Food Sci Nutr,https://pubmed.ncbi.nlm.nih.gov/33938775/,2022
L00028,H002,D026,23025432,Interaction of over-the-counter drugs with curcumin: influence on stability and bioactivities in intestinal cells.,J Agric Food Chem,https://pubmed.ncbi.nlm.nih.gov/23025432/,2012
L00029,H002,D039,33970849,Magic Shotgun Nature with Scattergun Approach of Curcumin Repurposing in Obsessive-compulsive Disorder: A Novel Metaphysician of Drug Discovery.,CNS Neurol Disord Drug Targets,https://pubmed.ncbi.nlm.nih.gov/33970849/,2021
L00030,H002,D039,18766332,Antidepressant activity of curcumin: involvement of serotonin and dopamine system.,Psychopharmacology (Berl),https://pubmed.ncbi.nlm.nih.gov/18766332/,2008
L00033,H002,D046,41300526,Curcumin in the Treatment of Kidney Disease: A Systematic Review with a Focus on Drug Interactions.,Antioxidants (Basel),https://pubmed.ncbi.nlm.nih.gov/41300526/,2025
L00035,H002,D046,37845344,Protective effects of curcumin on desipramine-induced islet β-cell damage via AKAP150/PKA/PP2B complex.,Acta Pharmacol Sin,https://pubmed.ncbi.nlm.nih.gov/37845344/,2024
L00036,H002,D047,29169285,Relaxant effect of Curcuma longa on rat tracheal smooth muscle and its possible mechanisms.,Pharm Biol,https://pubmed.ncbi.nlm.nih.gov/29169285/,2017
L00037,H002,D047,27343476,Influence of piperine and quercetin on antidiabetic potential of curcumin.,J Complement Integr Med,https://pubmed.ncbi.nlm.nih.gov/27343476/,2016
L00039,H002,D031,31284561,Evaluating the Anti-cancer Efficacy of a Synthetic Curcumin Analog on Human Melanoma Cells and Its Interaction with Standard Chemotherapeutics.,Molecules,https://pubmed.ncbi.nlm.nih.gov/31284561/,2019
L00041,H002,D032,39909177,Curcumin chemo-sensitizes intrinsic apoptosis through ROS-mediated mitochondrial hyperpolarization and DNA damage in breast cancer cells.,Cell Signal,https://pubmed.ncbi.nlm.nih.gov/39909177/,2025
L00042,H002,D032,39749050,Synergistic Anticancer Efficacy of Curcumin and Doxorubicin Combination Treatment Inducing S-phase Cell Cycle Arrest in Triple-Negative Breast Cancer Cells: An In Vitro Study.,Cureus,https://pubmed.ncbi.nlm.nih.gov/39749050/,2024
L00043,H002,D032,33438561,One Pot Green Synthesis of Doxorubicin and Curcumin Loaded Magnetic Nanoparticles and Cytotoxicity Studies.,Anticancer Agents Med Chem,https://pubmed.ncbi.nlm.nih.gov/33438561/,2021
L00044,H002,D032,31549866,Curcumin loaded mesoporous silica nanoparticles: assessment of bioavailability and cardioprotective effect.,Drug Dev Ind Pharm,https://pubmed.ncbi.nlm.nih.gov/31549866/,2019
L00045,H002,D081,40995635,Chitosan-Based Systems for Curcumin Delivery: Evidence for Therapeutic Applications.,J Biochem Mol Toxicol,https://pubmed.ncbi.nlm.nih.gov/40995635/,2025
L00046,H002,D016,40890783,Antidermatophytic activity of Curcuma longa against Trichophyton spp.: compound identification and molecular docking to lanosterol 14α-demethylase.,BMC Complement Med Ther,https://pubmed.ncbi.nlm.nih.gov/40890783/,2025
L00047,H002,D016,21539505,Curcumin acts synergistically with fluconazole to sensitize a clinical isolate of Candida albicans showing a MDR phenotype.,Med Mycol,https://pubmed.ncbi.nlm.nih.gov/21539505/,2012
L00048,H003,D003,39259407,Exploring Holy Basil's Bioactive Compounds for T2DM Treatment: Docking and Molecular Dynamics Simulations with Human Omentin-1.,Cell Biochem Biophys,https://pubmed.ncbi.nlm.nih.gov/39259407/,2025
L00049,H003,D046,36014373,"Computer-Aided Screening of Phytoconstituents from Ocimum tenuiflorum against Diabetes Mellitus Targeting DPP4 Inhibition: A Combination of Molecular Docking, Molecular Dynamics, and Pharmacokinetics Approaches.",Molecules,https://pubmed.ncbi.nlm.nih.gov/36014373/,2022
L00050,H004,D015,27007136,Reparation of Isoniazid and Rifampicin Combinatorial Therapy-Induced Hepatotoxic Effects by Bacopa monnieri.,Pharmacology,https://pubmed.ncbi.nlm.nih.gov/27007136/,2016
L00053,H004,D046,40816035,"Bacoside-A from Bacopa monnieri (L.) Wettst.: Molecular targets, preclinical insights, and therapeutic potential in type 2 diabetes mellitus and neurodegeneration.",Biomed Pharmacother,https://pubmed.ncbi.nlm.nih.gov/40816035/,2025
L00054,H004,D032,39858449,Enhancement of Doxorubicin Efficacy by Bacopaside II in Triple-Negative Breast Cancer Cells.,Biomolecules,https://pubmed.ncbi.nlm.nih.gov/39858449/,2025
L00055,H005,D002,39659229,"Assessment of binding affinity of major bioactive compounds from Momordica charantia, Azadirachta indica, Nelumbo nucifera, Caesalpinia crista, Martynia annua and Erythrina variegate to COX-2 receptor: an in silico study.",J Biomol Struct Dyn,https://pubmed.ncbi.nlm.nih.gov/39659229/,2025
L00056,H005,D046,30814273,"Azadirachtin inhibits amyloid formation, disaggregates pre-formed fibrils and protects pancreatic β-cells from human islet amyloid polypeptide/amylin-induced cytotoxicity.",Biochem J,https://pubmed.ncbi.nlm.nih.gov/30814273/,2019
L00057,H005,D046,30551526,"Azadirachta indica inhibits key enzyme linked to type 2 diabetes in vitro, abates oxidative hepatic injury and enhances muscle glucose uptake ex vivo.",Biomed Pharmacother,https://pubmed.ncbi.nlm.nih.gov/30551526/,2019
L00058,H005,D046,22975503,Meliacinolin: a potent α-glucosidase and α-amylase inhibitor isolated from Azadirachta indica leaves and in vivo antidiabetic property in streptozotocin-nicotinamide-induced type 2 diabetes in mice.,Biol Pharm Bull,https://pubmed.ncbi.nlm.nih.gov/22975503/,2012
L00059,H005,D032,32260809,Folic acid mediated synaphic delivery of doxorubicin using biogenic gold nanoparticles anchored to biological linkers.,J Mater Chem B,https://pubmed.ncbi.nlm.nih.gov/32260809/,2013
L00060,H005,D016,35356250,Antibiofilm Activity of Azadirachta indica and Catharanthus roseus and Their Synergistic Effects in Combination with Antimicrobial Agents against Fluconazole-Resistant Candida albicans Strains and MRSA.,Evid Based Complement Alternat Med,https://pubmed.ncbi.nlm.nih.gov/35356250/,2022
L00061,H008,D046,41382285,"GB5, a synergistic phytotherapy for type 2 diabetes mellitus management: an integrated polyherbal approach from phytochemical profiling to network pharmacology.",BMC Complement Med Ther,https://pubmed.ncbi.nlm.nih.gov/41382285/,2025
L00062,H008,D046,37907489,Cardioprotective Role of Tinospora cordifolia against Trimethylamine-N-Oxide and Glucose Induced Stress in Rat Cardiomyocytes.,Cardiovasc Hematol Agents Med Chem,https://pubmed.ncbi.nlm.nih.gov/37907489/,2024
L00063,H008,D046,26616445,β-cell regenerative efficacy of a polysaccharide isolated from methanolic extract of Tinospora cordifolia stem on streptozotocin -induced diabetic Wistar rats.,Chem Biol Interact,https://pubmed.ncbi.nlm.nih.gov/26616445/,2016
L00064,H008,D046,23543787,Insulin sensitizing effect of 3 Indian medicinal plants: an in vitro study.,Indian J Pharmacol,https://pubmed.ncbi.nlm.nih.gov/23543787/,2013
L00065,H008,D047,29413979,Effect of Tinospora cordifolia aqua-alcoholic extract on pharmacokinetic of Glibenclamide in rat: An herb-drug interaction study.,J Pharm Biomed Anal,https://pubmed.ncbi.nlm.nih.gov/29413979/,2018
L00067,H010,D001,38465436,Safety Issues of Herb-Warfarin Interactions.,Curr Drug Metab,https://pubmed.ncbi.nlm.nih.gov/38465436/,2024
L00068,H010,D001,25233607,Warfarin interactions with medicinal herbs.,Nat Prod Commun,https://pubmed.ncbi.nlm.nih.gov/25233607/,2014
L00069,H010,D001,22292789,Herb-drug interactions and mechanistic and clinical considerations.,Curr Drug Metab,https://pubmed.ncbi.nlm.nih.gov/22292789/,2012
L00070,H010,D001,21919844,Clinical herbal interactions with conventional drugs: from molecules to maladies.,Curr Med Chem,https://pubmed.ncbi.nlm.nih.gov/21919844/,2011
L00073,H010,D011,17080549,Ginger significantly decreased the oral bioavailability of cyclosporine in rats.,Am J Chin Med,https://pubmed.ncbi.nlm.nih.gov/17080549/,2006
L00078,H010,D015,39936409,Potential Alteration of Rifampicin's Bioavailability by Phyllanthus niruri Supplementation in Tuberculosis Therapy.,Curr Drug Metab,https://pubmed.ncbi.nlm.nih.gov/39936409/,2025
L00079,H010,D003,35321328,Special Thai Oolong Tea: Chemical Profile and In Vitro Antidiabetic Activities.,Front Pharmacol,https://pubmed.ncbi.nlm.nih.gov/35321328/,2022
L00081,H010,D027,8317647,"Zingiber officinale does not affect gastric emptying rate. A randomised, placebo-controlled, crossover trial.",Anaesthesia,https://pubmed.ncbi.nlm.nih.gov/8317647/,1993
L00083,H010,D046,38395286,"Preparation, characterization and drug release properties of pH sensitive Zingiber officinale polysaccharide hydrogel beads.",Int J Biol Macromol,https://pubmed.ncbi.nlm.nih.gov/38395286/,2024
L00084,H010,D046,30184415,Dietary ginger improves glucose dysregulation in a long-term high-fat high-fructose fed prediabetic rat model.,Indian J Exp Biol,https://pubmed.ncbi.nlm.nih.gov/30184415/,2017
L00085,H010,D046,26080605,Zingiber officinale and Type 2 Diabetes Mellitus: Evidence from Experimental Studies.,Crit Rev Eukaryot Gene Expr,https://pubmed.ncbi.nlm.nih.gov/26080605/,2015
L00086,H010,D046,23243452,"Preventive and Protective Properties of Zingiber officinale (Ginger) in Diabetes Mellitus, Diabetic Complications, and Associated Lipid and Other Metabolic Disorders: A Brief Review.",Evid Based Complement Alternat Med,https://pubmed.ncbi.nlm.nih.gov/23243452/,2012
L00087,H011,D001,31721714,"Herbal Medicine of the 21st Century: A Focus on the Chemistry, Pharmacokinetics and Toxicity of Five Widely Advocated Phytotherapies.",Curr Top Med Chem,https://pubmed.ncbi.nlm.nih.gov/31721714/,2019
L00088,H011,D001,21160832,Black licorice ingestion: Yet another confounding agent in patients with melena.,World J Gastrointest Surg,https://pubmed.ncbi.nlm.nih.gov/21160832/,2010
L00089,H011,D001,10953464,[Interactions between herbal medicines and drugs].,Ceska Slov Farm,https://pubmed.ncbi.nlm.nih.gov/10953464/,2000
L00090,H011,D001,10675182,Herb-drug interactions.,Lancet,https://pubmed.ncbi.nlm.nih.gov/10675182/,2000
L00091,H011,D010,17220245,"Role of P-glycoprotein in the intestinal absorption of glabridin, an active flavonoid from the root of Glycyrrhiza glabra.",Drug Metab Dispos,https://pubmed.ncbi.nlm.nih.gov/17220245/,2007
L00095,H011,D015,25786503,Anti-tubercular agents from Glycyrrhiza glabra.,Curr Top Med Chem,https://pubmed.ncbi.nlm.nih.gov/25786503/,2015
L00096,H011,D003,28595874,Evaluation of anti-diabetic activity of glycyrrhizin-loaded nanoparticles in nicotinamide-streptozotocin-induced diabetic rats.,Eur J Pharm Sci,https://pubmed.ncbi.nlm.nih.gov/28595874/,2017
L00097,H011,D041,36328482,Pharmacokinetic Interactions of a Licorice Dietary Supplement with Cytochrome P450 Enzymes in Female Participants.,Drug Metab Dispos,https://pubmed.ncbi.nlm.nih.gov/36328482/,2023
L00098,H011,D046,28761824,The Effect of Dried Glycyrrhiza Glabra L. Extract on Obesity Management with Regard to PPAR-γ2 (Pro12Ala) Gene Polymorphism in Obese Subjects Following an Energy Restricted Diet.,Adv Pharm Bull,https://pubmed.ncbi.nlm.nih.gov/28761824/,2017
L00099,H011,D031,35721162,Interactions Between Natural Products and Tamoxifen in Breast Cancer: A Comprehensive Literature Review.,Front Pharmacol,https://pubmed.ncbi.nlm.nih.gov/35721162/,2022
L00101,H011,D032,32105749,Glycyrrhiza glabra (Licorice) root extract attenuates doxorubicin-induced cardiotoxicity via alleviating oxidative stress and stabilising the cardiac health in H9c2 cardiomyocytes.,J Ethnopharmacol,https://pubmed.ncbi.nlm.nih.gov/32105749/,2020
L00102,H011,D081,36188236,Glabridin Plays Dual Action to Augment the Efficacy and Attenuate the Hepatotoxicity of Methotrexate in Arthritic Rats.,ACS Omega,https://pubmed.ncbi.nlm.nih.gov/36188236/,2022
L00103,H011,D017,21351298,Exploring the possible metabolism mediated interaction of Glycyrrhiza glabra extract with CYP3A4 and CYP2D6.,Phytother Res,https://pubmed.ncbi.nlm.nih.gov/21351298/,2011
L00104,H011,D017,10969720,An in vitro evaluation of human cytochrome P450 3A4 inhibition by selected commercial herbal extracts and tinctures.,Phytomedicine,https://pubmed.ncbi.nlm.nih.gov/10969720/,2000
L00105,H011,D016,41614068,Dual inhibition of ERG11 and CDR2 in drug-resistant Candida albicans by Indian phytochemicals: a combined in silico-in vitro approach.,Front Pharmacol,https://pubmed.ncbi.nlm.nih.gov/41614068/,2025
L00106,H011,D016,39714914,Natural Products in Precision Neurological Disease (Cryptococcal Meningitis): Structure-Based Phytochemical Screening of Glycyrrhiza glabra Plant Against Cryptococcus neoformans Farnesyltransferase (FTase).,Chem Biodivers,https://pubmed.ncbi.nlm.nih.gov/39714914/,2025
L00110,H015,D001,19719333,Interactions between herbal medicines and prescribed drugs: an updated systematic review.,Drugs,https://pubmed.ncbi.nlm.nih.gov/19719333/,2009
L00111,H015,D001,17918162,Garlic (Allium sativum L.): adverse effects and drug interactions in humans.,Mol Nutr Food Res,https://pubmed.ncbi.nlm.nih.gov/17918162/,2007
L00117,H015,D012,15916450,Herb-drug interactions: a literature review.,Drugs,https://pubmed.ncbi.nlm.nih.gov/15916450/,2005
L00122,H015,D010,11772128,Interactions between herbal medicines and prescribed drugs: a systematic review.,Drugs,https://pubmed.ncbi.nlm.nih.gov/11772128/,2001
L00126,H015,D003,16801983,Effects of oral administration of some herbal extracts on food consumption and blood glucose levels in normal and streptozotocin-treated diabetic rats.,Methods Find Exp Clin Pharmacol,https://pubmed.ncbi.nlm.nih.gov/16801983/,2006
L00134,H015,D039,20040952,Evidences for the involvement of monoaminergic and GABAergic systems in antidepressant-like activity of garlic extract in mice.,Indian J Pharmacol,https://pubmed.ncbi.nlm.nih.gov/20040952/,2008
L00139,H015,D041,12891227,Effects of garlic (Allium sativum L.) supplementation on cytochrome P450 2D6 and 3A4 activity in healthy volunteers.,Clin Pharmacol Ther,https://pubmed.ncbi.nlm.nih.gov/12891227/,2003
L00141,H015,D046,36543812,In vitro and in silico studies of silver nanoparticles (AgNPs) from Allium sativum against diabetes.,Sci Rep,https://pubmed.ncbi.nlm.nih.gov/36543812/,2022
L00142,H015,D046,31146458,Preventive Effects and Mechanisms of Garlic on Dyslipidemia and Gut Microbiome Dysbiosis.,Nutrients,https://pubmed.ncbi.nlm.nih.gov/31146458/,2019
L00144,H015,D047,24114899,Influence of Allium sativum extract on the hypoglycemic activity of glibenclamide: an approach to possible herb-drug interaction.,Drug Metabol Drug Interact,https://pubmed.ncbi.nlm.nih.gov/24114899/,2013
L00150,H015,D032,32053085,Development of A Novel System Based on Green Magnetic / Graphene Oxide / Chitosan /Allium Sativum / Quercus / Nanocomposite for Targeted Release of Doxorubicin Anti-Cancer Drug.,Anticancer Agents Med Chem,https://pubmed.ncbi.nlm.nih.gov/32053085/,2020
L00155,H017,D013,16767797,Effect of piperine on the steady-state pharmacokinetics of phenytoin in patients with epilepsy.,Phytother Res,https://pubmed.ncbi.nlm.nih.gov/16767797/,2006
L00161,H017,D026,22029226,Influence of piperine on ibuprofen induced antinociception and its pharmacokinetics.,Arzneimittelforschung,https://pubmed.ncbi.nlm.nih.gov/22029226/,2011
L00165,H017,D046,27671817,Piperine and Its Role in Chronic Diseases.,Adv Exp Med Biol,https://pubmed.ncbi.nlm.nih.gov/27671817/,2016
L00166,H017,D046,25087745,Mitigating efficacy of piperine in the physiological derangements of high fat diet induced obesity in Sprague Dawley rats.,Chem Biol Interact,https://pubmed.ncbi.nlm.nih.gov/25087745/,2014
L00167,H017,D047,27288758,Non-linear pharmacokinetics of piperine and its herb-drug interactions with docetaxel in Sprague-Dawley rats.,J Pharm Biomed Anal,https://pubmed.ncbi.nlm.nih.gov/27288758/,2016
L00169,H017,D032,39760812,Harnessing the anticancer potential of Piper nigrum: a synergistic approach to chemotherapy enhancement and reduced side effects.,Discov Oncol,https://pubmed.ncbi.nlm.nih.gov/39760812/,2025
L00170,H017,D032,39107323,Piperine enhances doxorubicin sensitivity in triple-negative breast cancer by targeting the PI3K/Akt/mTOR pathway and cancer stem cells.,Sci Rep,https://pubmed.ncbi.nlm.nih.gov/39107323/,2024
L00172,H018,D011,29433359,Piperlongumine restores the balance of autophagy and apoptosis by increasing BCL2 phosphorylation in rotenone-induced Parkinson disease models.,Autophagy,https://pubmed.ncbi.nlm.nih.gov/29433359/,2018
L00176,H018,D032,35122181,"Piperlongumine, a piper alkaloid, enhances the efficacy of doxorubicin in breast cancer: involvement of glucose import, ROS, NF-κB and lncRNAs.",Apoptosis,https://pubmed.ncbi.nlm.nih.gov/35122181/,2022
L00177,H018,D032,30611789,Synergistic anticancer activity of doxorubicin and piperlongumine on DU-145 prostate cancer cells - The involvement of carbonyl reductase 1 inhibition.,Chem Biol Interact,https://pubmed.ncbi.nlm.nih.gov/30611789/,2019
L00178,H025,D001,16635739,The effect of Kan Jang extract on the pharmacokinetics and pharmacodynamics of warfarin in rats.,Phytomedicine,https://pubmed.ncbi.nlm.nih.gov/16635739/,2006
L00179,H025,D013,37324729,Utilizing Andrographis paniculata leaves and roots by effective usage of the bioactive andrographolide and its nanodelivery: investigation of antikindling and antioxidant activities through in silico and in vivo studies.,Front Nutr,https://pubmed.ncbi.nlm.nih.gov/37324729/,2023
L00180,H025,D014,27847337,Herb-drug interaction of Andrographis paniculata (Nees) extract and andrographolide on pharmacokinetic and pharmacodynamic of naproxen in rats.,J Ethnopharmacol,https://pubmed.ncbi.nlm.nih.gov/27847337/,2017
L00181,H025,D015,27816824,Biochemical and histochemical analyses revealing endophytic Alcaligenes faecalis mediated suppression of oxidative stress in Abelmoschus esculentus challenged with Sclerotium rolfsii.,Plant Physiol Biochem,https://pubmed.ncbi.nlm.nih.gov/27816824/,2016
L00182,H025,D003,35887695,Pharmacokinetics and Metabolomic Profiling of Metformin and Andrographis paniculata: A Protocol for a Crossover Randomised Controlled Trial.,J Clin Med,https://pubmed.ncbi.nlm.nih.gov/35887695/,2022
L00183,H025,D003,10831236,Antihyperglycaemic and anti-oxidant properties of Andrographis paniculata in normal and diabetic rats.,Clin Exp Pharmacol Physiol,https://pubmed.ncbi.nlm.nih.gov/10831236/,2000
L00184,H025,D039,37301417,Antidepressant evaluation of Andrographis paniculata Nees extract and andrographolide in chronic unpredictable stress zebrafish model.,Comp Biochem Physiol C Toxicol Pharmacol,https://pubmed.ncbi.nlm.nih.gov/37301417/,2023
L00186,H025,D046,41035255,Streamlined Methods for Profiling Targeted Michael Acceptor Molecules Reveal Natural PTP1B Covalent Inhibitors.,Anal Chem,https://pubmed.ncbi.nlm.nih.gov/41035255/,2025
L00187,H025,D031,41358070,Andrographolide Selectively Inhibits the Growth of LA7 Mammary Adenocarcinoma Cells.,ACS Omega,https://pubmed.ncbi.nlm.nih.gov/41358070/,2025
L00188,H025,D031,35543232,"Estrogen receptor potentially stable conformations from molecular dynamics as a structure-based pharmacophore model for mapping, screening, and identifying ligands-a new paradigm shift in pharmacophore screening.",J Biomol Struct Dyn,https://pubmed.ncbi.nlm.nih.gov/35543232/,2023
L00189,H025,D032,40894204,Doxorubicin-induced nephrotoxicity: the protective role of a standardized ethanolic extract of Andrographis paniculata leaves.,Front Pharmacol,https://pubmed.ncbi.nlm.nih.gov/40894204/,2025
L00190,H025,D032,38964637,Dehydroandrographolide ameliorates doxorubicin-mediated cardiotoxicity by regulating autophagy through the mTOR-TFEB pathway.,Chem Biol Interact,https://pubmed.ncbi.nlm.nih.gov/38964637/,2024
L00191,H025,D032,20026083,Inhibition of the JAK-STAT3 pathway by andrographolide enhances chemosensitivity of cancer cells to doxorubicin.,Biochem Pharmacol,https://pubmed.ncbi.nlm.nih.gov/20026083/,2010
L00193,H054,D121,40905034,Evaluating the neuroprotective potential of Mucuna pruriens and Boswellia serrata in Huntington's disease: an integrative bioinformatics approach.,In Silico Pharmacol,https://pubmed.ncbi.nlm.nih.gov/40905034/,2025
L00194,H054,D121,40137945,Comparative efficacy of Mucuna pruriens and conventional levodopa in Parkinson's disease: a randomized controlled trial on pharmacokinetics and clinical perspectives from Asia.,J Neural Transm (Vienna),https://pubmed.ncbi.nlm.nih.gov/40137945/,2025
L00195,H054,D121,38462520,Japanese Mucuna pruriens (Hasshou Beans) Showed Fast-acting and Long-lasting Effects in Parkinson's Disease.,Intern Med,https://pubmed.ncbi.nlm.nih.gov/38462520/,2024
L00196,H054,D121,37298741,"Development and Validation of a New LC-MS/MS Bioanalytical Method for the Simultaneous Determination of Levodopa, Levodopa Methyl Ester, and Carbidopa in Human Plasma Samples.",Molecules,https://pubmed.ncbi.nlm.nih.gov/37298741/,2023
L00197,H013,D003,34632898,AMPK activators for the prevention and treatment of neurodegenerative diseases.,Expert Opin Drug Metab Toxicol,https://pubmed.ncbi.nlm.nih.gov/34632898/,2021
L00198,H013,D003,34178835,Momordica charantia silver nanoparticles modulate SOCS/JAK/STAT and P13K/Akt/PTEN signalling pathways in the kidney of streptozotocin-induced diabetic rats.,J Diabetes Metab Disord,https://pubmed.ncbi.nlm.nih.gov/34178835/,2021
L00199,H013,D003,15521566,Phytochemical determination and extraction of Momordica charantia fruit and its hypoglycemic potentiation of oral hypoglycemic drugs in diabetes mellitus (NIDDM).,Indian J Physiol Pharmacol,https://pubmed.ncbi.nlm.nih.gov/15521566/,2004
L00202,H013,D026,27881976,The Roles of Alpha-Momorcharin and Jasmonic Acid in Modulating the Response of Momordica charantia to Cucumber Mosaic Virus.,Front Microbiol,https://pubmed.ncbi.nlm.nih.gov/27881976/,2016
L00204,H013,D046,40306528,Synergistic action of a Momordica charantia-abundant peptide with insulin regulates blood glucose metabolism in db/db mice via a novel second-hit mechanism on insulin receptor activation.,Int J Biol Macromol,https://pubmed.ncbi.nlm.nih.gov/40306528/,2025
L00205,H013,D046,39408847,Therapeutic Potential of Momordicine I from Momordica charantia: Cardiovascular Benefits and Mechanisms.,Int J Mol Sci,https://pubmed.ncbi.nlm.nih.gov/39408847/,2024
L00206,H013,D046,35023522,The novel anti-inflammatory activity of mcIRBP from Momordica charantia is associated with the improvement of diabetic nephropathy.,Food Funct,https://pubmed.ncbi.nlm.nih.gov/35023522/,2022
L00207,H013,D046,34827690,Advanced Bioinformatics Tools in the Pharmacokinetic Profiles of Natural and Synthetic Compounds with Anti-Diabetic Activity.,Biomolecules,https://pubmed.ncbi.nlm.nih.gov/34827690/,2021
L00208,H013,D047,31516323,Molecular and biochemical monitoring of the possible herb-drug interaction between Momordica charantia extract and glibenclamide in diabetic rats.,Saudi Pharm J,https://pubmed.ncbi.nlm.nih.gov/31516323/,2019
L00210,H013,D032,39095755,Momordica charantia L.-derived exosome-like nanovesicles stabilize p62 expression to ameliorate doxorubicin cardiotoxicity.,J Nanobiotechnology,https://pubmed.ncbi.nlm.nih.gov/39095755/,2024
L00211,H014,D001,30000838,Fenugreek.,,https://pubmed.ncbi.nlm.nih.gov/30000838/,2006
L00212,H014,D001,6578721,Examples of poisonous plants in Israel of importance to animals and man.,Arch Toxicol Suppl,https://pubmed.ncbi.nlm.nih.gov/6578721/,1983
L00213,H014,D003,40336768,Gene Expression of Cyp7a1 in Liver Tissue of Type 2 Diabetic Rats Treated with Fenugreek and/or Metformin.,Int J Appl Basic Med Res,https://pubmed.ncbi.nlm.nih.gov/40336768/,2025
L00214,H014,D003,40016285,Fenugreek seeds as a natural source of L-arginine-encapsulated lipid nanoparticles against diabetes.,Sci Rep,https://pubmed.ncbi.nlm.nih.gov/40016285/,2025
L00215,H014,D003,34959301,"Antihyperglycemic Effect of Lavandula pedunculata: In Vivo, In Vitro and Ex Vivo Approaches.",Pharmaceutics,https://pubmed.ncbi.nlm.nih.gov/34959301/,2021
L00218,H014,D046,33017260,Interactive effect of swimming training and fenugreek (Trigonella foenum graecum L.) extract on glycemic indices and lipid profile in diabetic rats.,Arch Physiol Biochem,https://pubmed.ncbi.nlm.nih.gov/33017260/,2023
L00219,H014,D046,31178235,LC-MS/MS analysis and network pharmacology of Trigonella foenum-graecum - A plant from Ayurveda against hyperlipidemia and hyperglycemia with combination synergy.,Phytomedicine,https://pubmed.ncbi.nlm.nih.gov/31178235/,2019
L00220,H014,D046,28407664,"Fenugreek, A Potent Hypoglycaemic Herb Can Cause Central Hypothyroidism Via Leptin - A Threat To Diabetes Phytotherapy.",Exp Clin Endocrinol Diabetes,https://pubmed.ncbi.nlm.nih.gov/28407664/,2017
L00221,H014,D081,35041883,Fenugreek seed mucilage grafted poly methacrylate pH-responsive hydrogel: A promising tool to enhance the oral bioavailability of methotrexate.,Int J Biol Macromol,https://pubmed.ncbi.nlm.nih.gov/35041883/,2022
L00222,H014,D017,26600643,Interaction potential of Trigonella foenum graceum through cytochrome P450 mediated inhibition.,Indian J Pharmacol,https://pubmed.ncbi.nlm.nih.gov/26600643/,2015
L00223,H009,D001,37576860,Phyllanthus emblica (Amla) methanolic extract regulates multiple checkpoints in 15-lipoxygenase mediated inflammopathies: Computational simulation and in vitro evidence.,Saudi Pharm J,https://pubmed.ncbi.nlm.nih.gov/37576860/,2023
L00225,H009,D003,29736297,Anti-diabetic activity of quercetin extracted from Phyllanthus emblica L. fruit: In silico and in vivo approaches.,J Pharm Anal,https://pubmed.ncbi.nlm.nih.gov/29736297/,2018
L00230,H009,D032,18330936,Synergistic growth inhibitory effects of Phyllanthus emblica and Terminalia bellerica extracts with conventional cytotoxic agents: doxorubicin and cisplatin against human hepatocellular carcinoma and lung cancer cells.,World J Gastroenterol,https://pubmed.ncbi.nlm.nih.gov/18330936/,2008
L00233,H012,D081,37820446,"Anti-inflammatory and anti-arthritic potential of methotrexate in combination with BA-25, an amino analogue of β-boswellic acid in the treatment of rheumatoid arthritis.",Cytokine,https://pubmed.ncbi.nlm.nih.gov/37820446/,2023
L00234,H012,D081,35306043,"Bioavailability, anti-inflammatory and anti-arthritic effect of Acetyl Keto Boswellic acid and its combination with methotrexate in an arthritic animal model.",J Ethnopharmacol,https://pubmed.ncbi.nlm.nih.gov/35306043/,2022
L00235,H016,D010,24091240,"In vivo disposition and metabolism of madecassoside, a major bioactive constituent in Centella asiatica (L.) Urb.",J Ethnopharmacol,https://pubmed.ncbi.nlm.nih.gov/24091240/,2013
L00237,H016,D013,33429032,Pharmacodynamic and pharmacokinetic interactions of hydroalcoholic leaf extract of Centella asiatica with valproate and phenytoin in experimental models of epilepsy in rats.,J Ethnopharmacol,https://pubmed.ncbi.nlm.nih.gov/33429032/,2021
L00238,H016,D013,16858951,Isobolographically additive anticonvulsant activity between Centella asiatica's ethyl acetate fraction and some antiepileptic drugs.,J Med Assoc Thai,https://pubmed.ncbi.nlm.nih.gov/16858951/,2005
L00240,H016,D046,40484255,Interlinking diabetes and Alzheimer's disease: A pathway through medicinal plant-based treatments.,J Ethnopharmacol,https://pubmed.ncbi.nlm.nih.gov/40484255/,2025
L00241,H016,D046,38042274,Exploring aryl hydrocarbon receptor (AhR) as a target for Bisphenol-A (BPA)-induced pancreatic islet toxicity and impaired glucose homeostasis: Protective efficacy of ethanol extract of Centella asiatica.,Toxicology,https://pubmed.ncbi.nlm.nih.gov/38042274/,2023
L00242,H016,D046,37304601,Asiatic acid in Centella asiatica extract towards morphological development in an intermittent hypoxia intrauterine embryo model and molecular prediction pathway of insulin-like growth factor-1 receptor signalling.,Open Vet J,https://pubmed.ncbi.nlm.nih.gov/37304601/,2023
L00243,H016,D017,25247142,Homology modeling and docking studies on oxidosqualene cyclases associated with primary and secondary metabolism of Centella asiatica.,Springerplus,https://pubmed.ncbi.nlm.nih.gov/25247142/,2013
